url,category
https://www.webcrawler.com/search?q=web+exploit,Search Engine
https://docs.company.com/share/abcd1234,Corporate Activity
https://www.homedepot.com,E-commerce
https://www.gibiru.com/search?q=privacy+tools,Search Engine
https://www.xumo.com,Video Streaming
https://www.showmax.com,Video Streaming
https://www.microsoft.com/login,Authentication
https://www.apple.com/tv,Video Streaming
https://www.airtable.com/login,Work & Productivity
https://www.abcnews.go.com,News & Articles
https://www.asos.com,E-commerce
https://www.youtube.com/watch?v=dQw4w9WgXcQ,Tracking
https://www.wechat.com,Social Media
https://www.whatsapp.com/chat/1234567890,Social Media
https://www.vietnamnews.vn,News & Articles
https://www.messenger.com,Social Media
https://www.asana.com/login,Work & Productivity
https://www.ebay.com/sh/rankings?utm_campaign=sale,Tracking
https://www.rakuten.com/search?query=bug+bounty+programs,Search Engine
https://www.google.com/search?q=buy+shoes,Tracking
https://www.tumblr.com,Social Media
https://www.rakuten.com,E-commerce
https://www.google.com/search?q=buy+shoes,Tracking
https://www.box.com/login,Work & Productivity
https://www.indiegogo.com,E-commerce
https://www.instagram.com/?utm_source=google,Tracking
https://www.watchserieshd.cc,Video Streaming
https://www.surfwax.com/?s=web+security,Search Engine
https://www.gotomeeting.com/login,Work & Productivity
https://www.sbs.com.au,Video Streaming
https://www.quora.com/search?q=cybersecurity,Tracking
https://www.wellsfargoadvisors.com/,Banking & Payments
https://www.clickup.com/login,Work & Productivity
https://www.tiktok.com,Social Media
https://www.blekko.com/?q=web+vulnerabilities,Search Engine
https://www.snagfilms.com,Video Streaming
https://www.hotstar.com,Video Streaming
https://www.linkedin.com/login,Authentication
https://www.apnews.com,News & Articles
https://www.ynetnews.com,News & Articles
https://www.ebay.com/sh/rankings?utm_campaign=sale,Tracking
https://www.stumbleupon.com,Social Media
https://www.orkut.com,Social Media
https://www.houzz.com,E-commerce
https://www.rokutv.com,Video Streaming
https://www.instagram.com/?utm_source=google,Tracking
https://www.politico.com,News & Articles
https://www.ing.com/,Banking & Payments
https://www.walmart.com,E-commerce
https://www.ubank.com.au/,Banking & Payments
https://www.hi5.com,Social Media
https://www.netflix.com/signup,Authentication
https://www.paypal.com/login,Authentication
https://www.blogger.com,Social Media
https://www.youtube.com/watch?v=dQw4w9WgXcQ,Tracking
https://www.aliexpress.com,E-commerce
https://www.yandex.com/search/?text=web+security,Search Engine
https://www.bbva.com/,Banking & Payments
https://www.konga.com,E-commerce
https://www.techcrunch.com,News & Articles
https://www.foxnews.com,News & Articles
https://hr.company.com/dashboard,Corporate Activity
https://www.asana.com/login,Work & Productivity
https://www.untappd.com,Social Media
https://www.zattoo.com,Video Streaming
https://www.frys.com,E-commerce
https://www.amazon.com/login,Authentication
https://www.zoom.us/signin,Work & Productivity
https://www.reddit.com/r/technology?utm_campaign=referral,Tracking
https://www.skype.com,Social Media
https://www.apple.com/account/signin,Authentication
https://www.nbcnews.com,News & Articles
https://www.lazada.com,E-commerce
https://www.viadeo.com,Social Media
https://www.ebay.com/sh/rankings?utm_campaign=sale,Tracking
https://www.zoho.com/login,Work & Productivity
https://www.sogou.com/web?query=network+security,Search Engine
https://www.reddit.com/r/technology?utm_campaign=referral,Tracking
https://www.uobgroup.com/,Banking & Payments
https://employees.company.com/time_tracking,Corporate Activity
https://www.overstock.com,E-commerce
https://www.farfetch.com,E-commerce
https://www.scroggle.com/search?q=security+flaws,Search Engine
https://www.notion.so/login,Work & Productivity
https://www.slack.com/signin,Work & Productivity
https://www.soundcloud.com,Social Media
https://www.wrike.com/login,Work & Productivity
https://intranet.company.com/news,Corporate Activity
https://www.catchplay.com,Video Streaming
https://www.my5.tv,Video Streaming
https://www.exalead.com/search?q=ethical+hacking,Search Engine
https://www.snapchat.com/login,Authentication
https://www.dazn.com,Video Streaming
https://www.bing.com/search?q=security+research,Search Engine
https://www.robinhood.com/,Banking & Payments
https://sales.company.com/orders,Corporate Activity
https://www.pinterest.com/search/pins/?q=home+decor&source=filter,Tracking
https://www.ebay.com/sh/rankings?utm_campaign=sale,Tracking
https://www.infoseek.go.com/search?q=ethical+hacker,Search Engine
https://www.badoo.com,Social Media
https://www.wrike.com/login,Work & Productivity
https://www.hbo.max.com,Video Streaming
https://www.neimanmarcus.com,E-commerce
https://www.imvu.com,Social Media
https://www.npr.org,News & Articles
https://www.nordstrom.com,E-commerce
https://www.dell.com,E-commerce
https://www.economist.com,News & Articles
https://www.hulu.com/login,Authentication
https://www.linkedin.com/login,Authentication
https://www.reuters.com,News & Articles
https://www.instagram.com/?utm_source=google,Tracking
https://internal.company.com/admin/settings,Corporate Activity
https://www.youtube.com/watch?v=dQw4w9WgXcQ,Tracking
https://internal.company.com/admin/settings,Corporate Activity
https://www.weibo.com,Social Media
https://www.linkedin.com,Social Media
https://projects.company.com/teams/marketing/overview,Corporate Activity
https://admin.company.com/settings,Corporate Activity
https://intranet.company.com/news,Corporate Activity
https://www.swissinfo.ch,News & Articles
https://www.redbox.com,Video Streaming
https://www.revolve.com,E-commerce
https://www.bbc.com/login,Authentication
https://www.purewow.com,E-commerce
https://www.hsbc.com/,Banking & Payments
https://www.spotify.com/signup,Authentication
https://www.paypal.com/login,Authentication
https://www.tradestation.com/,Banking & Payments
https://www.microsoft.com/en-us/microsoft-365/teams/group-chat-software,Work & Productivity
https://sales.company.com/orders,Corporate Activity
https://www.timesofindia.indiatimes.com,News & Articles
https://www.salesforce.com/login,Work & Productivity
https://www.metrobankonline.co.uk/,Banking & Payments
https://www.mango.tv,Video Streaming
https://www.octopus.com.hk/,Banking & Payments
https://www.mamma.com/search?q=bug+bounty+resources,Search Engine
https://www.salesforce.com/login,Work & Productivity
https://www.mamma.com/search?q=bug+bounty+resources,Search Engine
https://projects.company.com/teams/marketing/overview,Corporate Activity
https://www.saksfifthavenue.com,E-commerce
https://www.aljazeera.com,News & Articles
https://hr.company.com/dashboard,Corporate Activity
https://www.lemonde.fr,News & Articles
https://www.sbi.co.in/,Banking & Payments
https://docs.company.com/share/abcd1234,Corporate Activity
https://www.periscope.tv,Social Media
https://www.vimeo.com,Video Streaming
https://www.barclays.co.uk/,Banking & Payments
https://www.quora.com/search?q=cybersecurity,Tracking
https://www.jabong.com,E-commerce
https://www.netflix.com/signup,Authentication
https://www.hubspot.com/login,Work & Productivity
https://www.straitstimes.com,News & Articles
https://www.macy's.com,E-commerce
https://www.paypal.com/,Banking & Payments
https://www.vidzi.tv,Video Streaming
https://www.CTV.com,Video Streaming
https://hr.company.com/dashboard,Corporate Activity
https://www.youtube.com/watch?v=dQw4w9WgXcQ,Tracking
https://www.reddit.com/r/technology?utm_campaign=referral,Tracking
https://www.infoseek.go.com/search?q=ethical+hacker,Search Engine
https://support.company.com/tickets,Corporate Activity
https://www.citi.com/,Banking & Payments
https://www.microsoft.com/login,Authentication
https://www.viu.com,Video Streaming
https://www.pinterest.com/search/pins/?q=home+decor&source=filter,Tracking
https://www.morganstanley.com/,Banking & Payments
https://www.axios.com,News & Articles
https://www.askjeeves.com/search?q=security+research,Search Engine
https://www.funimation.com,Video Streaming
https://www.podbean.com,Social Media
https://www.pravda.com.ua,News & Articles
https://www.tvnow.de,Video Streaming
https://www.dagbladet.no,News & Articles
https://www.hulu.com/login,Authentication
https://www.veoh.com,Video Streaming
https://www.scroggle.com/search?q=security+flaws,Search Engine
https://www.scribd.com,Social Media
https://www.officedepot.com,E-commerce
https://www.tesco.com,E-commerce
https://www.ansa.it,News & Articles
https://www.cnn.com,News & Articles
https://www.santander.co.uk/,Banking & Payments
https://www.reddit.com,Social Media
https://www.zellepay.com/,Banking & Payments
https://www.paypal.com/login,Authentication
https://www.surfwax.com/?s=web+security,Search Engine
https://intranet.company.com/news,Corporate Activity
https://www.chase.com/,Banking & Payments
https://www.wired.com,News & Articles
https://www.newsweek.com,News & Articles
https://www.reddit.com/r/technology?utm_campaign=referral,Tracking
https://www.vudu.com,Video Streaming
https://twitter.com/login,Authentication
https://www.snapchat.com/login,Authentication
https://www.linkedin.com/login,Authentication
https://www.microsoft.com/login,Authentication
https://www.snapchat.com/login,Authentication
https://intranet.company.com/news,Corporate Activity
https://www.santander.com.br/,Banking & Payments
https://www.gibiru.com/search?q=privacy+tools,Search Engine
https://employees.company.com/time_tracking,Corporate Activity
https://www.gibiru.com/search?q=privacy+tools,Search Engine
https://support.company.com/tickets,Corporate Activity
https://www.koreatimes.co.kr,News & Articles
https://www.newegg.com,E-commerce
https://www.buys.com,E-commerce
https://www.apple.com/account/signin,Authentication
https://www.dbs.com/,Banking & Payments
https://www.sogou.com/web?query=network+security,Search Engine
https://www.bilibili.com,Video Streaming
https://www.pnbindia.in/,Banking & Payments
https://twitter.com/login,Authentication
https://finance.company.com/transactions,Corporate Activity
https://www.amazon.com/Prime-Video,Video Streaming
https://www.instagram.com/?utm_source=google,Tracking
https://www.box.com/login,Work & Productivity
https://www.pinterest.com/search/pins/?q=home+decor&source=filter,Tracking
https://support.company.com/tickets,Corporate Activity
https://www.pinterest.com/search/pins/?q=home+decor&source=filter,Tracking
https://www.transferwise.com/,Banking & Payments
https://www.salesforce.com/login,Work & Productivity
https://www.theguardian.com,News & Articles
https://www.spiegel.de,News & Articles
https://www.americanexpress.com/,Banking & Payments
https://www.wellsfargo.com/,Banking & Payments
https://www.google.com/search?q=buy+shoes,Tracking
https://www.costco.com,E-commerce
https://www.baidu.com/s?wd=bug+bounty+program,Search Engine
https://www.netflix.co.uk,Video Streaming
https://www.exalead.com/search?q=ethical+hacking,Search Engine
https://www.scroggle.com/search?q=security+flaws,Search Engine
https://www.apple.com,E-commerce
https://www.sbs.com.au/news,News & Articles
https://www.bbc.com/login,Authentication
https://www.bing.com/search?q=security+research,Search Engine
https://www.quora.com/search?q=cybersecurity,Tracking
https://www.instagram.com/?utm_source=google,Tracking
https://www.bbc.com/login,Authentication
https://www.youtube.com/watch?v=dQw4w9WgXcQ,Tracking
https://www.forbes.com,News & Articles
https://www.spoonradio.com,Social Media
https://www.microsoft.com/login,Authentication
https://www.gilt.com,E-commerce
https://www.netflix.com,Video Streaming
https://www.pinterest.com/search/pins/?q=home+decor&source=filter,Tracking
https://www.filmon.com,Video Streaming
https://www.slack.com/signin,Work & Productivity
https://internal.company.com/admin/settings,Corporate Activity
https://www.wsj.com,News & Articles
https://www.notion.so/login,Work & Productivity
https://www.axisbank.com/,Banking & Payments
https://admin.company.com/settings,Corporate Activity
https://www.trendify.com,Social Media
https://www.quora.com/search?q=cybersecurity,Tracking
https://www.groups.google.com,Social Media
https://www.starnow.com,Video Streaming
https://www.gotomeeting.com/login,Work & Productivity
https://www.abnamro.com/,Banking & Payments
https://www.dawn.com,News & Articles
https://www.elcorreodeburgos.com,E-commerce
https://www.wayfair.com,E-commerce
https://www.nike.com,E-commerce
https://www.goldmansachs.com/,Banking & Payments
https://www.washingtonpost.com,News & Articles
https://docs.company.com/share/abcd1234,Corporate Activity
https://www.microsoft.com/en-us/microsoft-365/teams/group-chat-software,Work & Productivity
https://www.lycos.com/search?q=network+penetration+testing,Search Engine
https://www.jio.com,Video Streaming
https://www.zomato.com,Social Media
https://www.microsoft.com/en-us/microsoft-365/teams/group-chat-software,Work & Productivity
https://admin.company.com/user_management,Corporate Activity
https://internal.company.com/admin/settings,Corporate Activity
https://www.paying.com/,Banking & Payments
https://www.kakao.com,Social Media
https://docs.company.com/share/abcd1234,Corporate Activity
https://www.qwant.com/?q=ethical+hacking,Search Engine
https://www.google.com/docs/about/,Work & Productivity
https://www.snapchat.com/login,Authentication
https://www.shein.com,E-commerce
https://www.trello.com/login,Work & Productivity
https://twitter.com/login,Authentication
https://www.hidive.com,Video Streaming
https://www.google.com/search?q=bug+bounty,Search Engine
https://www.bbc.com/login,Authentication
https://www.surfwax.com/?s=web+security,Search Engine
https://www.anz.com.au/,Banking & Payments
https://www.dailymotion.com,Video Streaming
https://www.baidu.com/s?wd=bug+bounty+program,Search Engine
https://www.zalo.me,Social Media
https://www.scoop.it,Social Media
https://www.bestbuy.com,E-commerce
https://www.monday.com/login,Work & Productivity
https://www.qwant.com/?q=ethical+hacking,Search Engine
https://www.bbc.com/login,Authentication
https://www.wish.com,E-commerce
https://portal.company.com/profile,Corporate Activity
https://www.sogou.com/web?query=network+security,Search Engine
https://www.dropbox.com/login,Work & Productivity
https://portal.company.com/profile,Corporate Activity
https://www.fidelity.com/,Banking & Payments
https://www.quora.com/search?q=cybersecurity,Tracking
https://www.bangkokpost.com,News & Articles
https://www.mewe.com,Social Media
https://www.japantimes.co.jp,News & Articles
https://www.theverge.com,News & Articles
https://www.flipkart.com,E-commerce
https://www.ticktok.com,Social Media
https://www.company.com/employee/benefits,Corporate Activity
https://www.lucyelectric.com,E-commerce
https://www.smh.com.au,News & Articles
https://www.snapchat.com,Social Media
https://www.pinterest.com/search/pins/?q=home+decor&source=filter,Tracking
https://www.snapchat.com/login,Authentication
https://www.lycos.com/search?q=network+penetration+testing,Search Engine
https://www.airtable.com/login,Work & Productivity
https://www.amazon.com/login,Authentication
https://www.cuil.com/search?q=python+scripts,Search Engine
https://www.askjeeves.com/search?q=security+research,Search Engine
https://www.lycos.com/search?q=network+penetration+testing,Search Engine
https://intranet.company.com/login,Corporate Activity
https://www.reddit.com/r/technology?utm_campaign=referral,Tracking
https://www.monday.com/login,Work & Productivity
https://www.youtube.com/watch?v=dQw4w9WgXcQ,Tracking
https://www.pinterest.com/search/pins/?q=home+decor&source=filter,Tracking
https://projects.company.com/teams/marketing/overview,Corporate Activity
https://www.zoho.com/login,Work & Productivity
https://www.wolframalpha.com/input/?i=penetration+testing,Search Engine
https://www.vanguard.com/,Banking & Payments
https://www.facebook.com,Social Media
https://duckduckgo.com/?q=cybersecurity,Search Engine
https://www.fnb.co.za/,Banking & Payments
https://sales.company.com/dashboard,Corporate Activity
https://www.miro.com/login,Work & Productivity
https://www.paramountplus.com,Video Streaming
https://www.vk.com,Social Media
https://www.amazon.com/dp/B08XYZ,E-commerce
https://www.reddit.com/r/socialmedia,Social Media
https://www.disneyplus.com,Video Streaming
https://www.surfwax.com/?s=web+security,Search Engine
https://www.alibaba.co.uk,E-commerce
https://www.gotomeeting.com/login,Work & Productivity
https://www.stan.com.au,Video Streaming
https://www.facebook.com/login,Authentication
https://www.line.me,Social Media
https://www.paypal.com/login,Authentication
https://www.zoho.com/login,Work & Productivity
https://www.airtable.com/login,Work & Productivity
https://www.boohoo.com,E-commerce
https://sales.company.com/dashboard,Corporate Activity
https://www.tubi.tv,Video Streaming
https://www.coda.io/login,Work & Productivity
https://www.bnp Paribas.com/,Banking & Payments
https://www.apple.com/account/signin,Authentication
https://www.reddit.com/r/technology?utm_campaign=referral,Tracking
https://www.elpais.com,News & Articles
https://projects.company.com/project/12345,Corporate Activity
https://www.youtube.com/watch?v=dQw4w9WgXcQ,Tracking
https://internal.company.com/admin/settings,Corporate Activity
https://www.wrike.com/login,Work & Productivity
https://www.foursquares.com,Social Media
https://www.reddit.com/r/Facebook,Social Media
https://www.bankofindia.co.in/,Banking & Payments
https://www.zerodha.com/,Banking & Payments
https://www.youtube.com/watch?v=dQw4w9WgXcQ,Tracking
https://www.scotiabank.com/,Banking & Payments
https://www.bankbazaar.com/,Banking & Payments
https://www.dailymotion.com,Social Media
https://www.nextdoor.com,Social Media
https://www.bbc.com/login,Authentication
https://www.chatgpt.com/search?q=ai+search,Search Engine
https://www.asana.com/login,Work & Productivity
https://www.jumia.com,E-commerce
https://hr.company.com/request_leave,Corporate Activity
https://www.bankofchina.com/,Banking & Payments
https://www.coda.io/login,Work & Productivity
https://www.icicibank.com/,Banking & Payments
https://mail.company.com/login,Corporate Activity
https://www.facebook.com/login,Authentication
https://www.salesforce.com/login,Work & Productivity
https://docs.company.com/share/abcd1234,Corporate Activity
https://www.derstandard.at,News & Articles
https://www.theglobeandmail.com,News & Articles
https://www.gazeta.ru,News & Articles
https://www.bbc.com/login,Authentication
https://www.kisscartoon.me,Video Streaming
https://www.reddit.com/r/technology?utm_campaign=referral,Tracking
https://www.watcha.com,Video Streaming
https://www.microsoft.com/login,Authentication
https://www.yahoo.com/search?p=python+programming,Search Engine
https://www.engadget.com,News & Articles
https://www.quora.com/search?q=cybersecurity,Tracking
https://www.shopify.com,E-commerce
https://www.bankofamerica.com/,Banking & Payments
https://www.mastodon.social,Social Media
https://www.giveme5.com,Video Streaming
https://www.microsoft.com/en-us/microsoft-365/teams/group-chat-software,Work & Productivity
https://www.hulu.com/login,Authentication
https://www.niconico.jp,Video Streaming